{"properties":{"connectionReferences":{"shared_commondataservice":{"runtimeSource":"embedded","connection":{"connectionReferenceLogicalName":"cr842_sharedcommondataservice_1de42"},"api":{"name":"shared_commondataservice"}},"shared_office365":{"runtimeSource":"embedded","connection":{"connectionReferenceLogicalName":"cr842_sharedoffice365_1cfe9"},"api":{"name":"shared_office365"}}},"definition":{"$schema":"https://schema.management.azure.com/providers/Microsoft.Logic/schemas/2016-06-01/workflowdefinition.json#","contentVersion":"1.0.0.0","parameters":{"$connections":{"defaultValue":{},"type":"Object"},"$authentication":{"defaultValue":{},"type":"SecureObject"}},"triggers":{"When_a_record_is_created":{"type":"OpenApiConnectionWebhook","inputs":{"host":{"connectionName":"shared_commondataservice","operationId":"SubscribeOnNewItems","apiId":"/providers/Microsoft.PowerApps/apis/shared_commondataservice"},"parameters":{"dataset":"default.cds","table":"cr842_timesheets","scope":"Organization"},"authentication":"@parameters('$authentication')"}}},"actions":{"Send_an_email_(V2)":{"runAfter":{},"type":"OpenApiConnection","inputs":{"host":{"connectionName":"shared_office365","operationId":"SendEmailV2","apiId":"/providers/Microsoft.PowerApps/apis/shared_office365"},"parameters":{"emailMessage/To":"rory@dataspinners.co.uk","emailMessage/Subject":"Demo Email","emailMessage/Body":"<p>You worked for @{triggerOutputs()?['body/cr842_workperformed']}</p>"},"authentication":"@parameters('$authentication')"}}},"outputs":{}}},"schemaVersion":"1.0.0.0"}