<ImportExportXml version="9.1.0.23744" SolutionPackageVersion="9.1" languagecode="1033" generatedBy="CrmLive" xmlns:xsi="http://www.w3.org/2001/XMLSchema-instance">
  <SolutionManifest>
    <UniqueName>PowerAppsCourseContent</UniqueName>
    <LocalizedNames>
      <LocalizedName description="PowerAppsCourseContent" languagecode="1033" />
    </LocalizedNames>
    <Descriptions />
    <Version>1.0.0.1</Version>
    <Managed>1</Managed>
    <Publisher>
      <UniqueName>dataspinners</UniqueName>
      <LocalizedNames>
        <LocalizedName description="DataSpinners" languagecode="1033" />
      </LocalizedNames>
      <Descriptions />
      <EMailAddress xsi:nil="true"></EMailAddress>
      <SupportingWebsiteUrl xsi:nil="true"></SupportingWebsiteUrl>
      <CustomizationPrefix>dspin</CustomizationPrefix>
      <CustomizationOptionValuePrefix>43062</CustomizationOptionValuePrefix>
      <Addresses>
        <Address>
          <AddressNumber>1</AddressNumber>
          <AddressTypeCode>1</AddressTypeCode>
          <City xsi:nil="true"></City>
          <County xsi:nil="true"></County>
          <Country xsi:nil="true"></Country>
          <Fax xsi:nil="true"></Fax>
          <FreightTermsCode xsi:nil="true"></FreightTermsCode>
          <ImportSequenceNumber xsi:nil="true"></ImportSequenceNumber>
          <Latitude xsi:nil="true"></Latitude>
          <Line1 xsi:nil="true"></Line1>
          <Line2 xsi:nil="true"></Line2>
          <Line3 xsi:nil="true"></Line3>
          <Longitude xsi:nil="true"></Longitude>
          <Name xsi:nil="true"></Name>
          <PostalCode xsi:nil="true"></PostalCode>
          <PostOfficeBox xsi:nil="true"></PostOfficeBox>
          <PrimaryContactName xsi:nil="true"></PrimaryContactName>
          <ShippingMethodCode>1</ShippingMethodCode>
          <StateOrProvince xsi:nil="true"></StateOrProvince>
          <Telephone1 xsi:nil="true"></Telephone1>
          <Telephone2 xsi:nil="true"></Telephone2>
          <Telephone3 xsi:nil="true"></Telephone3>
          <TimeZoneRuleVersionNumber xsi:nil="true"></TimeZoneRuleVersionNumber>
          <UPSZone xsi:nil="true"></UPSZone>
          <UTCOffset xsi:nil="true"></UTCOffset>
          <UTCConversionTimeZoneCode xsi:nil="true"></UTCConversionTimeZoneCode>
        </Address>
        <Address>
          <AddressNumber>2</AddressNumber>
          <AddressTypeCode>1</AddressTypeCode>
          <City xsi:nil="true"></City>
          <County xsi:nil="true"></County>
          <Country xsi:nil="true"></Country>
          <Fax xsi:nil="true"></Fax>
          <FreightTermsCode xsi:nil="true"></FreightTermsCode>
          <ImportSequenceNumber xsi:nil="true"></ImportSequenceNumber>
          <Latitude xsi:nil="true"></Latitude>
          <Line1 xsi:nil="true"></Line1>
          <Line2 xsi:nil="true"></Line2>
          <Line3 xsi:nil="true"></Line3>
          <Longitude xsi:nil="true"></Longitude>
          <Name xsi:nil="true"></Name>
          <PostalCode xsi:nil="true"></PostalCode>
          <PostOfficeBox xsi:nil="true"></PostOfficeBox>
          <PrimaryContactName xsi:nil="true"></PrimaryContactName>
          <ShippingMethodCode>1</ShippingMethodCode>
          <StateOrProvince xsi:nil="true"></StateOrProvince>
          <Telephone1 xsi:nil="true"></Telephone1>
          <Telephone2 xsi:nil="true"></Telephone2>
          <Telephone3 xsi:nil="true"></Telephone3>
          <TimeZoneRuleVersionNumber xsi:nil="true"></TimeZoneRuleVersionNumber>
          <UPSZone xsi:nil="true"></UPSZone>
          <UTCOffset xsi:nil="true"></UTCOffset>
          <UTCConversionTimeZoneCode xsi:nil="true"></UTCConversionTimeZoneCode>
        </Address>
      </Addresses>
    </Publisher>
    <RootComponents>
      <RootComponent type="300" schemaName="dspin_app_d810d" behavior="0" />
      <RootComponent type="300" schemaName="dspin_audio_7f606" behavior="0" />
      <RootComponent type="300" schemaName="dspin_barcodescanner_220a0" behavior="0" />
      <RootComponent type="300" schemaName="dspin_charts_763b6" behavior="0" />
      <RootComponent type="300" schemaName="dspin_components_eb2f8" behavior="0" />
      <RootComponent type="300" schemaName="dspin_filterandsort_21b6a" behavior="0" />
      <RootComponent type="300" schemaName="dspin_filteringwithvariables_60545" behavior="0" />
      <RootComponent type="300" schemaName="dspin_galleriesandtables_5fa26" behavior="0" />
      <RootComponent type="300" schemaName="dspin_powerbirefresh_3f856" behavior="0" />
      <RootComponent type="300" schemaName="dspin_signlanguage_b3c61" behavior="0" />
      <RootComponent type="300" schemaName="dspin_spcities_8a218" behavior="0" />
      <RootComponent type="300" schemaName="dspin_teamscommunicator_20fd9" behavior="0" />
    </RootComponents>
    <MissingDependencies>
      <MissingDependency>
        <Required key="0" type="1" schemaName="dspin_task" displayName="Task" solution="Active" />
        <Dependent key="1" type="300" schemaName="dspin_galleriesandtables_5fa26" displayName="Galleries and Tables" />
      </MissingDependency>
      <MissingDependency>
        <Required key="2" type="1" schemaName="dspin_course" displayName="Course" solution="Active" />
        <Dependent key="1" type="300" schemaName="dspin_galleriesandtables_5fa26" displayName="Galleries and Tables" />
      </MissingDependency>
      <MissingDependency>
        <Required key="3" type="1" schemaName="dspin_coursepart" displayName="CoursePart" solution="Active" />
        <Dependent key="1" type="300" schemaName="dspin_galleriesandtables_5fa26" displayName="Galleries and Tables" />
      </MissingDependency>
      <MissingDependency>
        <Required key="4" type="1" schemaName="dspin_module" displayName="Module" solution="Active" />
        <Dependent key="5" type="300" schemaName="dspin_teamscommunicator_20fd9" displayName="Teams Communicator" />
      </MissingDependency>
    </MissingDependencies>
  </SolutionManifest>
</ImportExportXml>